UNIQUE_DOMAINS,,
https://0.tqn.com,403,"('Forbidden', 'Request forbidden -- authorization will not help')"
https://1.bp.blogspot.com,404,"('Not Found', 'Nothing matches the given URI')"
https://10.192.200.243,Failed to connect,
https://2.bp.blogspot.com,404,"('Not Found', 'Nothing matches the given URI')"
https://208.69.168.83,Failed to connect,
https://221bakerstreet.org,Failed to connect,
https://3.bp.blogspot.com,404,"('Not Found', 'Nothing matches the given URI')"
https://454.com,Failed to connect,
https://74.125.47.132,Failed to connect,
https://Media.edisonlearning.com,Failed to connect,
https://aa.usno.navy.mil,Failed to connect,
https://abyss.uoregon.edu,Failed to connect,
https://academics.aces.illinois.,Failed to connect,
https://activefiremaps.fs.fed.us/,Failed to connect,
https://actrav.itcilo.org,Failed to connect,
https://adminsecret.monster.com,404,"('Not Found', 'Nothing matches the given URI')"
https://afe.easia.columbia.,Failed to connect,
https://ako.net.nz,Failed to connect,
https://alex.state.al.,Failed to connect,
https://amb.cult.bg,Failed to connect,
https://amrita.vlab.co.,Failed to connect,
https://andromeda.rutgers.edu,Failed to connect,
https://animaldiversity.ummz.umich.,Failed to connect,
https://anisalahay.wordpress.com,410,"('Gone', 'URI no longer exists and has been permanently removed.')"
https://anthro.palomar.edu,Failed to connect,
https://app.chinesesavvy.com,Failed to connect,
https://app.nea.gov.sg,Failed to connect,
https://app1.chinadaily.com.cn,502,"('Bad Gateway', 'Invalid responses from another server/proxy.')"
https://arb.nzcer.org.,Failed to connect,
https://arbl.cvmbs.colostate.edu,Failed to connect,
https://archive.aft.org,Failed to connect,
https://archive.ncsa.uiuc.edu,Failed to connect,
https://archives.fbi.gov,403,"('Forbidden', 'Request forbidden -- authorization will not help')"
https://artandhistory.house.gov,404,"('Not Found', 'Nothing matches the given URI')"
https://articles.cnn.com,Failed to connect,
https://assets.truphone.com,Failed to connect,
https://astronomy.swin.edu.,Failed to connect,
https://at.yorku.ca,Failed to connect,
https://atlantis.coe.uh.edu,Failed to connect,
https://authoring.edisonschools.com,Failed to connect,
https://babelnet.sbg.ac.at,Failed to connect,
https://bannerrep.com,Failed to connect,
https://bbs.wj.gov.,Failed to connect,
https://bilbo.chm.uri.,Failed to connect,
https://biology.clc.uc.edu,Failed to connect,
https://biotech.law.lsu.,Failed to connect,
https://blog.chinesehour.com,Failed to connect,
https://blog.nola.com,Failed to connect,
https://blogs.monashores.net,Failed to connect,
https://blogs.volunteermatch.org,403,"('Forbidden', 'Request forbidden -- authorization will not help')"
https://books.eserver.org,Failed to connect,
https://botany.suite101.com,Failed to connect,
https://brainconnection.positscience.com,Failed to connect,
https://brightmoments.com,Failed to connect,
https://britton.disted.camosun.,Failed to connect,
https://btc.montana.edu,403,"('Forbidden', 'Request forbidden -- authorization will not help')"
https://bus.utk.edu,Failed to connect,
https://cache.eb.com,404,"('Not Found', 'Nothing matches the given URI')"
https://cactus.nci.nih.,Failed to connect,
https://caselaw.lp.findlaw.,Failed to connect,
https://cbdd.wsu.edu,Failed to connect,
https://ccs.clarityconnect.com,Failed to connect,
https://cdn.careeronestop.org,403,"('Forbidden', 'Request forbidden -- authorization will not help')"
https://cdn.intechweb.org,Failed to connect,
https://cdn.virtualnerd.com,Failed to connect,
https://cdn1.libsyn.com,404,"('Not Found', 'Nothing matches the given URI')"
https://cfbstaff.cfbisd.edu,Failed to connect,
https://cgi.money.cnn.,Failed to connect,
https://changing-personal-habits.suite101.com,Failed to connect,
https://charm.cs.uiuc.,Failed to connect,
https://chemed.chem.purdue.,Failed to connect,
https://chemistry.bd.psu.,Failed to connect,
https://childrensbooksforparents.com,Failed to connect,
https://china,Failed to connect,
https://chinesedumpling.com,Failed to connect,
https://chinua,Failed to connect,
https://citeseerx.ist.psu.,Failed to connect,
https://citizen,Failed to connect,
https://civclients.com,Failed to connect,
https://classes.kumc.edu,403,"('Forbidden', 'Request forbidden -- authorization will not help')"
https://classic,Failed to connect,
https://classnet.wcdsb.ca,Failed to connect,
https://claweb.cla.unipd.,Failed to connect,
https://club.ucctv.com,Failed to connect,
https://cms.cerritos.edu,Failed to connect,
https://cn.macautourism.gov.,Failed to connect,
https://co.provostacademy.com,Failed to connect,
https://columbus,Failed to connect,
https://community.greatschools.net,Failed to connect,
https://community.learnandmaster.com,Failed to connect,
https://conflict.lshtm.ac.,Failed to connect,
https://content.edisonlearning.com,Failed to connect,
https://content.jwplatform.com,403,"('Forbidden', 'Request forbidden -- authorization will not help')"
https://content.time.com,404,"('Not Found', 'Nothing matches the given URI')"
https://corrosion,Failed to connect,
https://courses.dcs.wisc.,Failed to connect,
https://courseware.nus.edu.,Failed to connect,
https://cpn.canon,Failed to connect,
https://cricket,Failed to connect,
https://cs.jsu.edu,403,"('Forbidden', 'Request forbidden -- authorization will not help')"
https://csep10.phys.utk.,Failed to connect,
https://csml.som.ohio,Failed to connect,
https://css,Failed to connect,
https://css.maxdesign.com.,Failed to connect,
https://cstl,Failed to connect,
https://ctl.byu.edu,302,"('Found', 'Object moved temporarily -- see URI list')"
https://ctl.csudh.edu,Failed to connect,
https://ctp.facinghistory.org,Failed to connect,
https://culturalpolitics.net,503,"('Service Unavailable', 'The server cannot process the request due to a high load')"
https://curious.astro.cornell.,Failed to connect,
https://cybersleuth,Failed to connect,
https://d3tt741pwxqwm0.cloudfront.net,403,"('Forbidden', 'Request forbidden -- authorization will not help')"
https://daphne.palomar.edu,Failed to connect,
https://darwin,Failed to connect,
https://davidrjolly.files.wordpress.,Failed to connect,
https://davidrjolly.files.wordpress.,Failed to connect,
https://dc.lib.unc.,Failed to connect,
https://de.answers.yahoo.,Failed to connect,
https://demo.webassign.net,503,"('Service Unavailable', 'The server cannot process the request due to a high load')"
https://dendro.cnre.vt.,Failed to connect,
https://department.monm.edu,403,"('Forbidden', 'Request forbidden -- authorization will not help')"
https://depts.gallaudet.edu,Failed to connect,
https://designschool.canva.com,403,"('Forbidden', 'Request forbidden -- authorization will not help')"
https://desrtsandys.aurora,Failed to connect,
https://dict.tu,Failed to connect,
https://differentiatedinstructionresources.org,Failed to connect,
https://digestive.niddk.nih.,Failed to connect,
https://digicoll.library.wisc.,Failed to connect,
https://digital,Failed to connect,
https://digital.library.mcgill.,Failed to connect,
https://digital.library.northwestern.,Failed to connect,
https://digital.library.unlv.,Failed to connect,
https://digital.library.upenn.,Failed to connect,
https://distance,Failed to connect,
https://dl.clackamas.edu,Failed to connect,
https://dl.lib.brown.,Failed to connect,
https://dnr.state.il.,Failed to connect,
https://drama.eserver.org,Failed to connect,
https://driving,Failed to connect,
https://dunstanlanguagearts.teacherlingo.com,Failed to connect,
https://dwb.unl.edu,Failed to connect,
https://eating,Failed to connect,
https://ebooks.adelaide.edu.,Failed to connect,
https://eclipse.gsfc.nasa.,Failed to connect,
https://eco,Failed to connect,
https://econc10.bu.edu,Failed to connect,
https://economia.uniandes.edu.,Failed to connect,
https://economix.blogs.nytimes.,Failed to connect,
https://ecx.images,Failed to connect,
https://edis.ifas.ufl.,Failed to connect,
https://education,Failed to connect,
https://education.calumet.purdue.,Failed to connect,
https://education.nationalgeographic.com,Failed to connect,
https://education.uregina.ca,Failed to connect,
https://edy.s3.amazonaws.,Failed to connect,
https://ees.as.uky.,Failed to connect,
https://egpnews.com,Failed to connect,
https://en.allexperts.com,Failed to connect,
https://en.bcia.com.,Failed to connect,
https://en.chinapages.com,Failed to connect,
https://en.invest.china.,Failed to connect,
https://en.tessellations,Failed to connect,
https://encrypted,Failed to connect,
https://encyclopedia.che.engin.,Failed to connect,
https://encyclopedia.kids.net.,Failed to connect,
https://engineeringworks.tamu.edu,Failed to connect,
https://english,Failed to connect,
https://english.allnet.cn,Failed to connect,
https://english.fju.edu.,Failed to connect,
https://english.glendale.cc.,Failed to connect,
https://english.people.com.,Failed to connect,
https://english.sjzchina.com,Failed to connect,
https://english.sz.gov.,Failed to connect,
https://environmental,Failed to connect,
https://eqseis.geosc.psu.,Failed to connect,
https://erc.msh.org,Failed to connect,
https://esurvey.tlt.psu.,Failed to connect,
https://etext.lib.virginia.,Failed to connect,
https://etext.virginia.edu,403,"('Forbidden', 'Request forbidden -- authorization will not help')"
https://europeanhistory.boisestate.edu,Failed to connect,
https://exploration.grc.nasa.,Failed to connect,
https://explore.lib.virginia.,Failed to connect,
https://extend.unb.ca,Failed to connect,
https://extensions.services.openoffice.,Failed to connect,
https://faculty.harrisburgu.net,Failed to connect,
https://faculty.kfupm.edu.,Failed to connect,
https://faculty.kutztown.edu,403,"('Forbidden', 'Request forbidden -- authorization will not help')"
https://faculty.lagcc.cuny.,Failed to connect,
https://faculty.mercer.edu,500,"('Internal Server Error', 'Server got itself in trouble')"
https://faculty.plattsburgh.edu,Failed to connect,
https://faculty.rcoe.appstate.,Failed to connect,
https://faculty.smu.edu,404,"('Not Found', 'Nothing matches the given URI')"
https://faculty.southwest.tn.,Failed to connect,
https://faculty.wcas.northwestern.,Failed to connect,
https://faculty.weber.edu,403,"('Forbidden', 'Request forbidden -- authorization will not help')"
https://facultyfp.salisbury.edu,403,"('Forbidden', 'Request forbidden -- authorization will not help')"
https://fajardo,Failed to connect,
https://famous,Failed to connect,
https://faraday.physics.utoronto.,Failed to connect,
https://farside.ph.utexas.,Failed to connect,
https://fashion,Failed to connect,
https://fc.gsacrd.ab.,Failed to connect,
https://fdesalvador.over,Failed to connect,
https://ffden,Failed to connect,
https://fiction.eserver.org,Failed to connect,
https://financial,Failed to connect,
https://firms.modaps.eosdis.,Failed to connect,
https://fluid.itcmp.pwr.,Failed to connect,
https://fnic.nal.usda.,Failed to connect,
https://fog.ccsf.cc.,Failed to connect,
https://forpd.ucf.edu,Failed to connect,
https://fpp.wusm.wustl.,Failed to connect,
https://fr.answers.yahoo.,Failed to connect,
https://fr.movies.yahoo.,Failed to connect,
https://fred.publichealth.pitt.,Failed to connect,
https://freedom,Failed to connect,
https://french.chass.utoronto.,Failed to connect,
https://fsweb.bainbridge.edu,Failed to connect,
https://ftp.arl.army.,Failed to connect,
https://ga.provostacademy.com,Failed to connect,
https://ga.water.usgs.,Failed to connect,
https://galileo.phys.virginia.,Failed to connect,
https://galileoandeinstein.physics.virginia.,Failed to connect,
https://garsia.math.yorku.,Failed to connect,
https://geology.csupomona.edu,Failed to connect,
https://geomaps.wr.usgs.,Failed to connect,
https://georgesbrassens.artistes.universalmusic.,Failed to connect,
https://gethelp.library.upenn.,Failed to connect,
https://geti.dcc.ufrj.,Failed to connect,
https://ghr.nlm.nih.,Failed to connect,
https://glencoe.mheducation.com,403,"('Forbidden', 'Request forbidden -- authorization will not help')"
https://goldennumber.net,403,"('Forbidden', 'Request forbidden -- authorization will not help')"
https://grammar.ccc.commnet.,Failed to connect,
https://graphs.mathwarehouse.com,403,"('Forbidden', 'Request forbidden -- authorization will not help')"
https://grow.cals.wisc.,Failed to connect,
https://guia.mercadolibre.com.,Failed to connect,
https://guides.lib.lsu.,Failed to connect,
https://guides.lib.washington.,Failed to connect,
https://guindo.pntic.mec.,Failed to connect,
https://harvardforest.fas.harvard.,Failed to connect,
https://helios.gsfc.nasa.,Failed to connect,
https://help.wugnet.com,Failed to connect,
https://hesperia.gsfc.nasa.,Failed to connect,
https://highered.mcgraw,Failed to connect,
https://highered.mheducation.com,403,"('Forbidden', 'Request forbidden -- authorization will not help')"
https://hill.troy.k12.,Failed to connect,
https://history,Failed to connect,
https://history.sandiego.edu,Failed to connect,
https://hk.myblog.yahoo.,Failed to connect,
https://home.capecod.net,Failed to connect,
https://home.clara.net,Failed to connect,
https://home.earthlink.net,Failed to connect,
https://home.fnal.gov,403,"('Forbidden', 'Request forbidden -- authorization will not help')"
https://home.nas.net,Failed to connect,
https://home.nutshellmath.com,Failed to connect,
https://home.unilang.org,Failed to connect,
https://home.zonnet.nl,Failed to connect,
https://homepage.divms.uiowa.,Failed to connect,
https://homepage.mac.com,Failed to connect,
https://homepages.inf.ed.,Failed to connect,
https://homepages.nyu.edu,Failed to connect,
https://hompi.sogang.ac.,Failed to connect,
https://houseof3d.com,Failed to connect,
https://hp2010.nhlbihin.net,Failed to connect,
https://hrsbstaff.ednet.ns.,Failed to connect,
https://hua.umf.maine.,Failed to connect,
https://hunbbel,Failed to connect,
https://hunter.apana.org.,Failed to connect,
https://hyperphysics.phy,Failed to connect,
https://i.dailymail.co.,Failed to connect,
https://ia600209.us.archive.,Failed to connect,
https://ia600504.us.archive.,Failed to connect,
https://ia600509.us.archive.,Failed to connect,
https://ia600700.us.archive.,Failed to connect,
https://ia800200.us.archive.,Failed to connect,
https://ia800205.us.archive.,Failed to connect,
https://ia800209.us.archive.,Failed to connect,
https://ia800303.us.archive.,Failed to connect,
https://ia800309.us.archive.,Failed to connect,
https://ia800405.us.archive.,Failed to connect,
https://ia800700.us.archive.,Failed to connect,
https://ia801204.us.archive.,Failed to connect,
https://ia801708.us.archive.,Failed to connect,
https://ia802304.us.archive.,Failed to connect,
https://ia802308.us.archive.,Failed to connect,
https://ia802602.us.archive.,Failed to connect,
https://ia802606.us.archive.,Failed to connect,
https://ia802608.us.archive.,Failed to connect,
https://ia802700.us.archive.,Failed to connect,
https://ia802701.us.archive.,Failed to connect,
https://ia902307.us.archive.,Failed to connect,
https://ib.bioninja.com.,Failed to connect,
https://ibis.health.state.,Failed to connect,
https://ics.ist.unomaha.,Failed to connect,
https://iebate.org,Failed to connect,
https://ific.org,Failed to connect,
https://ihome.ust.hk,Failed to connect,
https://image.automobilemag.com,Failed to connect,
https://image.motortrend.com,Failed to connect,
https://image.slidesharecdn.com,404,"('Not Found', 'Nothing matches the given URI')"
https://image.tutorvista.com,Failed to connect,
https://images.fineartamerica.com,403,"('Forbidden', 'Request forbidden -- authorization will not help')"
https://imagine.gsfc.nasa.,Failed to connect,
https://img.buzzfeed.com,404,"('Not Found', 'Nothing matches the given URI')"
https://info.ee.surrey.,Failed to connect,
https://infohost.nmt.edu,Failed to connect,
https://ingber.spanish.sbc.,Failed to connect,
https://inquiry.illinois.edu,Failed to connect,
https://insights.sei.cmu.,Failed to connect,
https://instruct1.cit.cornell.,Failed to connect,
https://intermath.coe.uga.,Failed to connect,
https://intro.chem.okstate.,Failed to connect,
https://isites.harvard.edu,Failed to connect,
https://itl.chem.ufl.,Failed to connect,
https://jan.ucc.nau.,Failed to connect,
https://janellcarpenter.co,Failed to connect,
https://janus.astro.umd.,Failed to connect,
https://java.dzone.com,Failed to connect,
https://jchemed.chem.wisc.,Failed to connect,
https://jjc.jjay.cuny.,Failed to connect,
https://joe,Failed to connect,
https://journals.ecs.soton.,Failed to connect,
https://joycep.myweb.port.,Failed to connect,
https://jrscience.wcp.muohio.,Failed to connect,
https://jwbales.home.mindspring.,Failed to connect,
https://jwilson.coe.uga.,Failed to connect,
https://karl,Failed to connect,
https://kidney.niddk.nih.,Failed to connect,
https://kids.earth.nasa.,Failed to connect,
https://kimberlychapman.com,Failed to connect,
https://knol.google.com,404,"('Not Found', 'Nothing matches the given URI')"
https://knowledge.wharton.upenn.,Failed to connect,
https://knows.jongo.com,Failed to connect,
https://krupp.wcc.hawaii.,Failed to connect,
https://labman.phys.utk.,Failed to connect,
https://lamar.colostate.edu,Failed to connect,
https://languagecenter.cla.umn.,Failed to connect,
https://langues.ups,Failed to connect,
https://layman,Failed to connect,
https://learn,Failed to connect,
https://learn.genetics.utah.,Failed to connect,
https://learn.surbitonhigh.com,403,"('Forbidden', 'Request forbidden -- authorization will not help')"
https://learning.blogs.nytimes.,Failed to connect,
https://learninglab.org,Failed to connect,
https://learnweb.harvard.edu,Failed to connect,
https://lecoindureveur.e,Failed to connect,
https://lectureonline.cl.msu.,Failed to connect,
https://legisweb.state.wy.,Failed to connect,
https://lesson,Failed to connect,
https://library.med.utah.,Failed to connect,
https://library.open.oregonstate.,Failed to connect,
https://library.thinkquest.org,Failed to connect,
https://libraryasp.tamu.edu,Failed to connect,
https://lincoln.lib.niu.,Failed to connect,
https://litera1no4.tripod.com,Failed to connect,
https://literary,Failed to connect,
https://literature.org,Failed to connect,
https://livre.fnac.com,403,"('Forbidden', 'Request forbidden -- authorization will not help')"
https://loa,Failed to connect,
https://logos.uoregon.edu,Failed to connect,
https://lpc1.clpccd.cc.,Failed to connect,
https://lrs.ed.uiuc.,Failed to connect,
https://lrweb.beds.ac.,Failed to connect,
https://m.telquel,Failed to connect,
https://maccss.ncdpi.wikispaces.,Failed to connect,
https://madagascar,Failed to connect,
https://mail.nvnet.org,Failed to connect,
https://manwiththemuckrake.files.wordpress.,Failed to connect,
https://map.gsfc.nasa.,Failed to connect,
https://maps.psiee.psu.,Failed to connect,
https://maribel,Failed to connect,
https://marine,Failed to connect,
https://markets.on.nytimes.,Failed to connect,
https://mars.jpl.nasa.,Failed to connect,
https://mcat,Failed to connect,
https://media,Failed to connect,
https://media.giphy.com,403,"('Forbidden', 'Request forbidden -- authorization will not help')"
https://media.web.britannica.,Failed to connect,
https://medical,Failed to connect,
https://medieval.etrusia.co.,Failed to connect,
https://meee,Failed to connect,
https://members.bellatlantic.net,Failed to connect,
https://members.cox.net,Failed to connect,
https://members.fortunecity.com,Failed to connect,
https://method,Failed to connect,
https://miami.travelape.com,Failed to connect,
https://micro.magnet.fsu.,Failed to connect,
https://mj103.k12.sd.,Failed to connect,
https://mld.ursinus.edu,Failed to connect,
https://mlk,Failed to connect,
https://mlovell.web.wesleyan.,Failed to connect,
https://moliere,Failed to connect,
https://moneywise.com,403,"('Forbidden', 'Request forbidden -- authorization will not help')"
https://monticello,Failed to connect,
https://moodle.solanco.org,Failed to connect,
https://mountainview,Failed to connect,
https://mrperrysclassroom.files.wordpress.,Failed to connect,
https://mshistory.k12.ms.,Failed to connect,
https://mshistorynow.mdah.state.,Failed to connect,
https://music.calabashmusic.com,Failed to connect,
https://my.ece.ucsb.,Failed to connect,
https://mynasadata.larc.nasa.,Failed to connect,
https://mypage.direct.ca,Failed to connect,
https://nasa3d.arc.nasa.,Failed to connect,
https://nationalcareersservice.direct.gov.,Failed to connect,
https://nativeamerican,Failed to connect,
https://nctr.pmel.noaa.,Failed to connect,
https://ned.ipac.caltech.,Failed to connect,
https://neic.usgs.gov,Failed to connect,
https://net2.hkbu.edu.,Failed to connect,
https://new.cheetah.org,Failed to connect,
https://news.blogs.cnn.,Failed to connect,
https://news.lib.uchicago.,Failed to connect,
https://news.search.yahoo.,Failed to connect,
https://news.smh.com.,Failed to connect,
https://nihseniorhealth.gov,Failed to connect,
https://nmsp.cals.cornell.,Failed to connect,
https://nobel.scas.bcit.,Failed to connect,
https://northern,Failed to connect,
https://nshs,Failed to connect,
https://nssdc.gsfc.nasa.,Failed to connect,
https://numericalmethods.eng.usf.,Failed to connect,
https://occonline.occ.cccd.,Failed to connect,
https://ocw.nthu.edu.,Failed to connect,
https://ocw.usu.edu,Failed to connect,
https://ods.od.nih.,Failed to connect,
https://odur.let.rug.,Failed to connect,
https://ojs.ub.uni,Failed to connect,
https://oldpoetry.com,Failed to connect,
https://olinuris.library.cornell.,Failed to connect,
https://onlinecourses.science.psu.,Failed to connect,
https://oopweb.com,404,"('Not Found', 'Nothing matches the given URI')"
https://oracc.museum.upenn.,Failed to connect,
https://orion.math.iastate.,Failed to connect,
https://owl.english.purdue.,Failed to connect,
https://ozgundemir.com,Failed to connect,
https://p.giroud.free.,Failed to connect,
https://pacolcompass.provostacademy.com,Failed to connect,
https://pacomova.eresmas.net,Failed to connect,
https://pages.infinit.net,Failed to connect,
https://pages.sbcglobal.net,Failed to connect,
https://pages.towson.edu,Failed to connect,
https://pagesperso,Failed to connect,
https://palc.sd40.bc.,Failed to connect,
https://paper.sznews.com,Failed to connect,
https://parkrose.orvsd.org,Failed to connect,
https://patrioths.schools.pwcs.,Failed to connect,
https://pbslm,Failed to connect,
https://pdfs.teacherlibrarian.com,Failed to connect,
https://people.morehead,Failed to connect,
https://people.scs.fsu.,Failed to connect,
https://personal,Failed to connect,
https://personal.cityu.edu.,Failed to connect,
https://photojournal.jpl.nasa.,Failed to connect,
https://phun.physics.virginia.,Failed to connect,
https://physics,Failed to connect,
https://piano,Failed to connect,
https://pioneer.netserv.chula.,Failed to connect,
https://pixabay.com,403,"('Forbidden', 'Request forbidden -- authorization will not help')"
https://pk014.k12.sd.,Failed to connect,
https://plan,Failed to connect,
https://planetquest.jpl.nasa.,Failed to connect,
https://player.cnbc.com,404,"('Not Found', 'Nothing matches the given URI')"
https://pluto.space.swri.,Failed to connect,
https://poetry.eserver.org,Failed to connect,
https://portal.bentonvillek12.org,Failed to connect,
https://portal.success,Failed to connect,
https://pregnancy.healthguru.com,Failed to connect,
https://press,Failed to connect,
https://printable,Failed to connect,
https://programacion.miralatele.com,Failed to connect,
https://projects.exeter.ac.,Failed to connect,
https://projects.plattebasintimelapse.com,Failed to connect,
https://proxy.edisonlearning.com,Failed to connect,
https://psychometric,Failed to connect,
https://publib.boulder.ibm.,Failed to connect,
https://publications.nigms.nih.,Failed to connect,
https://pubs.ext.vt.,Failed to connect,
https://pubs.niaaa.nih.,Failed to connect,
https://putnam.k12tn.net,Failed to connect,
https://qbi.uq.edu.,Failed to connect,
https://quickfacts.census.gov,Failed to connect,
https://quizlet.com,403,"('Forbidden', 'Request forbidden -- authorization will not help')"
https://quod.lib.umich.,Failed to connect,
https://read,Failed to connect,
https://rediscovering,Failed to connect,
https://relay,Failed to connect,
https://research.library.gsu.,Failed to connect,
https://resources.mhs.vic.,Failed to connect,
https://response.restoration.noaa.,Failed to connect,
https://rickischultz.files.wordpress.,Failed to connect,
https://robert,Failed to connect,
https://roble.pntic.mec.,Failed to connect,
https://rpo.library.utoronto.,Failed to connect,
https://rubric,Failed to connect,
https://rugth30.phys.rug.,Failed to connect,
https://russian,Failed to connect,
https://rwc.hunter.cuny.,Failed to connect,
https://salem.lib.virginia.,Failed to connect,
https://sante,Failed to connect,
https://satftp.soest.hawaii.,Failed to connect,
https://saturn.jpl.nasa.,Failed to connect,
https://sc.provostacademy.com,Failed to connect,
https://schemas.openxmlformats.org,Failed to connect,
https://schlesinger.radcliffe.harvard.,Failed to connect,
https://school.cottondew.net,Failed to connect,
https://schools.portnet.k12.,Failed to connect,
https://science360.gov,Failed to connect,
https://scign.jpl.nasa.,Failed to connect,
https://screencast,Failed to connect,
https://search.reviews.ebay.,Failed to connect,
https://searchcio,Failed to connect,
https://seawifs.gsfc.nasa.,Failed to connect,
https://secure.netcadia.com,Failed to connect,
https://seperationtechnology.com,Failed to connect,
https://servicesaetn,Failed to connect,
https://settlement.arc.nasa.,Failed to connect,
https://shakespeare,Failed to connect,
https://shakespeare.palomar.edu,Failed to connect,
https://sheppardpuppies.files.wordpress.,Failed to connect,
https://shortsweetpoems.com,Failed to connect,
https://simple,Failed to connect,
https://sitemaker.umich.edu,404,"('Not Found', 'Nothing matches the given URI')"
https://sitn.hms.harvard.,Failed to connect,
https://sixthsense.osfc.ac.,Failed to connect,
https://snaped.fns.usda.,Failed to connect,
https://so024.k12.sd.,Failed to connect,
https://socialwelfare.library.vcu.,Failed to connect,
https://socserv2.socsci.mcmaster.,Failed to connect,
https://soe.putnam,Failed to connect,
https://sohowww.nascom.nasa.,Failed to connect,
https://spaceguard.rm.iasf.,Failed to connect,
https://spacemath.gsfc.nasa.,Failed to connect,
https://spacewatch.lpl.arizona.,Failed to connect,
https://spanish,Failed to connect,
https://spartacus,Failed to connect,
https://specialcollections.library.wisc.,Failed to connect,
https://sphweb.bumc.bu.,Failed to connect,
https://splash.abc.net.,Failed to connect,
https://sprott.physics.wisc.,Failed to connect,
https://staff.argyll.epsb.,Failed to connect,
https://staff.bcc.edu,Failed to connect,
https://staff.esuhsd.org,Failed to connect,
https://staff.jccc.net,Failed to connect,
https://staff.orcsd.org,Failed to connect,
https://staff.um.edu.,Failed to connect,
https://staffweb.hkbu.edu.,Failed to connect,
https://startpublicspeaking.com,Failed to connect,
https://static.guim.co.,Failed to connect,
https://static.movieclips.com,Failed to connect,
https://static.pdesas.org,403,"('Forbidden', 'Request forbidden -- authorization will not help')"
https://static1.squarespace.com,404,"('Not Found', 'Nothing matches the given URI')"
https://steamism.com,Failed to connect,
https://stemcellsjournals.onlinelibrary.wiley.,Failed to connect,
https://store.officedepot.com.,Failed to connect,
https://strader.cehd.tamu.,Failed to connect,
https://student.ccbcmd.edu,Failed to connect,
https://students.cis.uab.,Failed to connect,
https://suite.io,Failed to connect,
https://suite101.com,Failed to connect,
https://sun.cs.lsus.,Failed to connect,
https://svs.gsfc.nasa.,Failed to connect,
https://t0.gstatic.com,404,"('Not Found', 'Nothing matches the given URI')"
https://taylor,Failed to connect,
https://tbn0.google.com,404,"('Not Found', 'Nothing matches the given URI')"
https://teacher.nsrl.rochester.,Failed to connect,
https://teacher.ocps.net,Failed to connect,
https://teachers.sduhsd.k12.,Failed to connect,
https://teachers.sduhsd.net,Failed to connect,
https://teachers.stupidchicken.com,Failed to connect,
https://teachersites.schoolworld.com,Failed to connect,
https://teaching.monster.com,404,"('Not Found', 'Nothing matches the given URI')"
https://teachmiddleeast.lib.uchicago.,Failed to connect,
https://templates.services.openoffice.,Failed to connect,
https://test,Failed to connect,
https://textbooks.math.gatech.,Failed to connect,
https://the,Failed to connect,
https://thechoice.blogs.nytimes.,Failed to connect,
https://thehairpin.com,Failed to connect,
https://theide.org,Failed to connect,
https://theory.physics.manchester.,Failed to connect,
https://theretailhandbook.files.wordpress.,Failed to connect,
https://thinkexist.com,Failed to connect,
https://thoreau.eserver.org,Failed to connect,
https://throwersrings.com,Failed to connect,
https://ths.sps.lane.,Failed to connect,
https://thumbnails.visually.netdna,Failed to connect,
https://tidesonline.nos.noaa.,Failed to connect,
https://tigger.uic.edu,Failed to connect,
https://tightning.tumblr.com,404,"('Not Found', 'Nothing matches the given URI')"
https://tlt.suny.edu,Failed to connect,
https://topics.law.cornell.,Failed to connect,
https://tout.lemonde.fr,Failed to connect,
https://traditions.cultural,Failed to connect,
https://training.seer.cancer.,Failed to connect,
https://travel.dahangzhou.com,Failed to connect,
https://travelguide.sunnychina.com,Failed to connect,
https://travelguide.tripc.com,Failed to connect,
https://ts1.mm.bing.,Failed to connect,
https://turner.faculty.swau.,Failed to connect,
https://tutor,Failed to connect,
https://tutor2.oit.unc.,Failed to connect,
https://tutorial.math.lamar.,Failed to connect,
https://unilearning.uow.edu.,Failed to connect,
https://user.services.openoffice.,Failed to connect,
https://userpages.aug.com,Failed to connect,
https://users.dhp.com,Failed to connect,
https://users.humboldt.edu,403,"('Forbidden', 'Request forbidden -- authorization will not help')"
https://users.ipfw.edu,Failed to connect,
https://users.skynet.be,Failed to connect,
https://users.tinyonline.co.,Failed to connect,
https://utconline.utc.edu,Failed to connect,
https://van.physics.illinois.,Failed to connect,
https://vancouver,Failed to connect,
https://vccslitonline.cc.va.,Failed to connect,
https://vccslitonline.vccs.edu,Failed to connect,
https://vcell.ndsu.nodak.,Failed to connect,
https://victorianpersistence.files.wordpress.,Failed to connect,
https://video.about.com,404,"('Not Found', 'Nothing matches the given URI')"
https://video.msnbc.msn.,Failed to connect,
https://view.news.qq.,Failed to connect,
https://vintageprintable.com,Failed to connect,
https://visualismdotorg.files.wordpress.,Failed to connect,
https://vle.whs.bucks.,Failed to connect,
https://vocational,Failed to connect,
https://vote,Failed to connect,
https://voyage,Failed to connect,
https://voyager.jpl.nasa.,Failed to connect,
https://vro.agriculture.vic.,Failed to connect,
https://vulcan.wr.usgs.,Failed to connect,
https://w.soundcloud.com,403,"('Forbidden', 'Request forbidden -- authorization will not help')"
https://wapedia.mobi,Failed to connect,
https://warmageddon.org,403,"('Forbidden', 'Request forbidden -- authorization will not help')"
https://wayback.archive,Failed to connect,
https://waynesword.palomar.edu,Failed to connect,
https://wblrd.sk.ca,Failed to connect,
https://wdb.sad17.k12.,Failed to connect,
https://web.chem.ucsb.,Failed to connect,
https://web.clark.edu,Failed to connect,
https://web.cs.wpi.,Failed to connect,
https://web.gps.caltech.,Failed to connect,
https://web.ics.purdue.,Failed to connect,
https://web.jjay.cuny.,Failed to connect,
https://web.pa.msu.,Failed to connect,
https://web.schc.sc.,Failed to connect,
https://web2.airmail.net,Failed to connect,
https://web2.uvcs.uvic.,Failed to connect,
https://webapp1.dlib.indiana.,Failed to connect,
https://weinspirefutures.com,Failed to connect,
https://westafricandance.com,Failed to connect,
https://wetlandecosystem.fws.gvt,Failed to connect,
https://what,Failed to connect,
https://whatsitallaboutshakespeare.blogspot.com,404,"('Not Found', 'Nothing matches the given URI')"
https://whatweknow.law.columbia.,Failed to connect,
https://whyslopes.com,Failed to connect,
https://wiki.services.openoffice.,Failed to connect,
https://wikis.engrade.com,Failed to connect,
https://wilderdom.com,Failed to connect,
https://winter.group.shef.,Failed to connect,
https://wistechnology.com,Failed to connect,
https://worldmusic.nationalgeographic.com,Failed to connect,
https://wps.ablongman.com,404,"('Not Found', 'Nothing matches the given URI')"
https://wps.prenhall.com,404,"('Not Found', 'Nothing matches the given URI')"
https://writing,Failed to connect,
https://writingfiction.suite101.com,Failed to connect,
https://wserver.scc.losrios.,Failed to connect,
https://wusfnews.wusf.usf.,Failed to connect,
https://ww1.educationplanner.com,Failed to connect,
https://ww2010.atmos.uiuc.,Failed to connect,
https://wwi.lib.byu.,Failed to connect,
https://www,Failed to connect,
https://www.10thnpc.org.,Failed to connect,
https://www.1920,Failed to connect,
https://www.1920s,Failed to connect,
https://www.1927timetravelnovel.com,Failed to connect,
https://www.5min.com,Failed to connect,
https://www.FederalStudentAid.ed.,Failed to connect,
https://www.US,Failed to connect,
https://www.aare.edu.,Failed to connect,
https://www.abag.ca.,Failed to connect,
https://www.abimagazin.de,Failed to connect,
https://www.about,Failed to connect,
https://www.abpischools.org.,Failed to connect,
https://www.abraham,Failed to connect,
https://www.abs.gov.,Failed to connect,
https://www.academie,Failed to connect,
https://www.accessexcellence.org,503,"('Service Unavailable', 'The server cannot process the request due to a high load')"
https://www.accessrock.com,403,"('Forbidden', 'Request forbidden -- authorization will not help')"
https://www.acm.uiuc.,Failed to connect,
https://www.acnr.co.,Failed to connect,
https://www.acoustics.salford.,Failed to connect,
https://www.acs.psu.,Failed to connect,
https://www.adoption.animaux,Failed to connect,
https://www.advanceinpsychology.com,Failed to connect,
https://www.ae.msstate.,Failed to connect,
https://www.aea267.k12.,Failed to connect,
https://www.afdc.energy.,Failed to connect,
https://www.africa.upenn.,Failed to connect,
https://www.afsc.noaa.,Failed to connect,
https://www.ag.ndsu.,Failed to connect,
https://www.age,Failed to connect,
https://www.agence,Failed to connect,
https://www.ah,Failed to connect,
https://www.air,Failed to connect,
https://www.ais.msstate.,Failed to connect,
https://www.ajb.dni.,Failed to connect,
https://www.algebra,Failed to connect,
https://www.alicante,Failed to connect,
https://www.alincoln,Failed to connect,
https://www.all,Failed to connect,
https://www.allevard,Failed to connect,
https://www.allied,Failed to connect,
https://www.allstar.fiu.,Failed to connect,
https://www.almanach.free.,Failed to connect,
https://www.alternative,Failed to connect,
https://www.altiusdirectory.com,Failed to connect,
https://www.ama,Failed to connect,
https://www.amazing,Failed to connect,
https://www.ambafrance,Failed to connect,
https://www.american,Failed to connect,
https://www.amigospais,Failed to connect,
https://www.ancient,Failed to connect,
https://www.ancient.eu,406,"('Not Acceptable', 'URI not available in preferred format.')"
https://www.ancientchina.co.,Failed to connect,
https://www.andalucia.org,Failed to connect,
https://www.anglo.edu.,Failed to connect,
https://www.animated,Failed to connect,
https://www.animations.physics.,Failed to connect,
https://www.anisfield,Failed to connect,
https://www.annalsthoracicsurgery.org,302,"('Found', 'Object moved temporarily -- see URI list')"
https://www.ansi.okstate.,Failed to connect,
https://www.anth.ucsb.,Failed to connect,
https://www.antilles,Failed to connect,
https://www.antonine,Failed to connect,
https://www.aoml.noaa.,Failed to connect,
https://www.apa.org,416,"('Requested Range Not Satisfiable', 'Cannot satisfy request range.')"
https://www.apartmentguide.com,403,"('Forbidden', 'Request forbidden -- authorization will not help')"
https://www.aps.anl.,Failed to connect,
https://www.aragon,Failed to connect,
https://www.archives.alabama.,Failed to connect,
https://www.areyouadigitalcitizen.weebly.,Failed to connect,
https://www.argentinalivestock.com.,Failed to connect,
https://www.arizona,Failed to connect,
https://www.ars.usda.,Failed to connect,
https://www.artesanocopper.com,Failed to connect,
https://www.arthritis,Failed to connect,
https://www.arthurian,Failed to connect,
https://www.arts.rpi.,Failed to connect,
https://www.arts.ualberta.,Failed to connect,
https://www.artsci.lsu.,Failed to connect,
https://www.as.uky.,Failed to connect,
https://www.as.wvu.,Failed to connect,
https://www.asc.ohio,Failed to connect,
https://www.assess.nelson.,Failed to connect,
https://www.astro.uu.,Failed to connect,
https://www.atmo.arizona.,Failed to connect,
https://www.atmos.umd.,Failed to connect,
https://www.auberge,Failed to connect,
https://www.audacityteam.org,503,"('Service Unavailable', 'The server cannot process the request due to a high load')"
https://www.aupair,Failed to connect,
https://www.austehc.unimelb.,Failed to connect,
https://www.australia.gov.,Failed to connect,
https://www.authentichappiness.sas.,Failed to connect,
https://www.aviation,Failed to connect,
https://www.baden,Failed to connect,
https://www.balloons,Failed to connect,
https://www.bam.gov,Failed to connect,
https://www.bantu,Failed to connect,
https://www.barcelona,Failed to connect,
https://www.baseball,Failed to connect,
https://www.basic,Failed to connect,
https://www.batanga.com,Failed to connect,
https://www.batesville.k12.,Failed to connect,
https://www.bayswaterps.vic.,Failed to connect,
https://www.bbk.ac.,Failed to connect,
https://www.bd.undp.,Failed to connect,
https://www.beaverton.k12.,Failed to connect,
https://www.bell,Failed to connect,
https://www.benchmarkeducation.com,Failed to connect,
https://www.bendermedsystems.com,Failed to connect,
https://www.beowulftranslations.net,Failed to connect,
https://www.better,Failed to connect,
https://www.betterhealth.vic.,Failed to connect,
https://www.bewell.myaonassist.,Failed to connect,
https://www.bewerbung,Failed to connect,
https://www.bgs.ac.,Failed to connect,
https://www.big.or.,Failed to connect,
https://www.billiger,Failed to connect,
https://www.bio.davidson.,Failed to connect,
https://www.bio.unc.,Failed to connect,
https://www.biochem.northwestern.,Failed to connect,
https://www.biology,Failed to connect,
https://www.biology.arizona.,Failed to connect,
https://www.biology.iupui.,Failed to connect,
https://www.biotech,Failed to connect,
https://www.biotechnologyonline.gov.,Failed to connect,
https://www.biotopics.co.,Failed to connect,
https://www.blackforest,Failed to connect,
https://www.blackhistory.mit.,Failed to connect,
https://www.blog.com,Failed to connect,
https://www.bloodspatter.com,Failed to connect,
https://www.bmcc.cuny.,Failed to connect,
https://www.bmw,Failed to connect,
https://www.bocusedor,Failed to connect,
https://www.bogota.gov.,Failed to connect,
https://www.booktrailersforreaders.com,Failed to connect,
https://www.boppin.com,Failed to connect,
https://www.boston,Failed to connect,
https://www.botany.hawaii.,Failed to connect,
https://www.bourgogne,Failed to connect,
https://www.bourse,Failed to connect,
https://www.brainskills.co.,Failed to connect,
https://www.brenda,Failed to connect,
https://www.bridgerlandliteracy.org,Failed to connect,
https://www.britishempire.co.,Failed to connect,
https://www.brooklyn.cuny.,Failed to connect,
https://www.btb.termiumplus.,Failed to connect,
https://www.budget.ny.,Failed to connect,
https://www.bulldog.u,Failed to connect,
https://www.bulwer,Failed to connect,
https://www.bundeskanzlerin.de,Failed to connect,
https://www.bundesregierung.de,Failed to connect,
https://www.bundestag.de,Failed to connect,
https://www.buowl.boun.,Failed to connect,
https://www.business.att.,Failed to connect,
https://www.c,Failed to connect,
https://www.cadlab.vt.,Failed to connect,
https://www.caiu.keystodriving.,Failed to connect,
https://www.cal,Failed to connect,
https://www.calcblog.com,403,"('Forbidden', 'Request forbidden -- authorization will not help')"
https://www.calculus,Failed to connect,
https://www.camping,Failed to connect,
https://www.canadainternational.gc.,Failed to connect,
https://www.canadianshieldfoundation.ca,Failed to connect,
https://www.canterburytales.org,Failed to connect,
https://www.canva.com,403,"('Forbidden', 'Request forbidden -- authorization will not help')"
https://www.captainkidd.org,Failed to connect,
https://www.caraibes,Failed to connect,
https://www.career.vt.,Failed to connect,
https://www.careereducation.columbia.,Failed to connect,
https://www.carla.umn.,Failed to connect,
https://www.carlton.srsd119.,Failed to connect,
https://www.carrefour.fr,403,"('Forbidden', 'Request forbidden -- authorization will not help')"
https://www.cavern.org,Failed to connect,
https://www.cc.utah.,Failed to connect,
https://www.ccc.commnet.,Failed to connect,
https://www.ccrnp.ncifcrf.,Failed to connect,
https://www.cde.state.,Failed to connect,
https://www.cdtl.nus.,Failed to connect,
https://www.ce.memphis.,Failed to connect,
https://www.cec.sped.,Failed to connect,
https://www.cee.mtu.,Failed to connect,
https://www.cem.msu.,Failed to connect,
https://www.ceoe.udel.,Failed to connect,
https://www.cet.ac.,Failed to connect,
https://www.cfep.uci.,Failed to connect,
https://www.cga.ct.,Failed to connect,
https://www.channel,Failed to connect,
https://www.charles,Failed to connect,
https://www.chateau,Failed to connect,
https://www.chebucto.ns.,Failed to connect,
https://www.chem.hawaii.,Failed to connect,
https://www.chem.iastate.,Failed to connect,
https://www.chem.purdue.,Failed to connect,
https://www.chem.sc.,Failed to connect,
https://www.chem.tamu.,Failed to connect,
https://www.chem.uiuc.,Failed to connect,
https://www.chem.uoa.,Failed to connect,
https://www.chemguide.co.,Failed to connect,
https://www.chemistry.wustl.,Failed to connect,
https://www.child,Failed to connect,
https://www.chimie,Failed to connect,
https://www.china,Failed to connect,
https://www.chinadevelopmentbrief.com,Failed to connect,
https://www.chinapage.com,Failed to connect,
https://www.chinapages.com,Failed to connect,
https://www.chinavista.com,Failed to connect,
https://www.chinavoc.com,Failed to connect,
https://www.chinese,Failed to connect,
https://www.chm.bris.,Failed to connect,
https://www.chm.davidson.,Failed to connect,
https://www.chopin,Failed to connect,
https://www.christian,Failed to connect,
https://www.christmas,Failed to connect,
https://www.cic.gc.,Failed to connect,
https://www.cimt.plymouth.,Failed to connect,
https://www.cirm.ca.,Failed to connect,
https://www.citysightseeing,Failed to connect,
https://www.civilwar.org,Failed to connect,
https://www.clas.ufl.,Failed to connect,
https://www.class.uh.,Failed to connect,
https://www.classbrain.com,Failed to connect,
https://www.climatewizard.org,Failed to connect,
https://www.climb,Failed to connect,
https://www.clt.astate.,Failed to connect,
https://www.clubpenguin.com,Failed to connect,
https://www.cmgww.com,Failed to connect,
https://www.cnpp.usda.,Failed to connect,
https://www.cnr.berkeley.,Failed to connect,
https://www.co,Failed to connect,
https://www.cob,Failed to connect,
https://www.code,Failed to connect,
https://www.cofe.anglican.,Failed to connect,
https://www.cognitivecoaching.com,Failed to connect,
https://www.col,Failed to connect,
https://www.colegioapoquindo.cl,Failed to connect,
https://www.college,Failed to connect,
https://www.comedie,Failed to connect,
https://www.comedyplays.co.,Failed to connect,
https://www.conference,Failed to connect,
https://www.conservatoire,Failed to connect,
https://www.conserve,Failed to connect,
https://www.consulfrance,Failed to connect,
https://www.consumer.ftc.,Failed to connect,
https://www.consumerismcommentary.com,405,"('Method Not Allowed', 'Specified method is invalid for this server.')"
https://www.convert,Failed to connect,
https://www.cool.conservation,Failed to connect,
https://www.coolgeography.co.,Failed to connect,
https://www.coolmath,Failed to connect,
https://www.coop7th.weebly.,Failed to connect,
https://www.corpus,Failed to connect,
https://www.cospa,Failed to connect,
https://www.country,Failed to connect,
https://www.countrysideinfo.co.,Failed to connect,
https://www.courses.fas.,Failed to connect,
https://www.courses.vcu.,Failed to connect,
https://www.courts.mo.,Failed to connect,
https://www.cpc.noaa.,Failed to connect,
https://www.cps.nova.,Failed to connect,
https://www.creationkit.com,403,"('Forbidden', 'Request forbidden -- authorization will not help')"
https://www.creative,Failed to connect,
https://www.creativemetrics.com,Failed to connect,
https://www.creativewriting,Failed to connect,
https://www.crf,Failed to connect,
https://www.criced.tsukuba.,Failed to connect,
https://www.cricket,Failed to connect,
https://www.cricketarchive.co.,Failed to connect,
https://www.crime,Failed to connect,
https://www.crossref,Failed to connect,
https://www.cryst.bbk.,Failed to connect,
https://www.cs.cf.,Failed to connect,
https://www.cs.cmu.,Failed to connect,
https://www.cs.colostate.,Failed to connect,
https://www.cs.csustan.,Failed to connect,
https://www.cs.grinnell.,Failed to connect,
https://www.cs.iupui.,Failed to connect,
https://www.cs.mcgill.,Failed to connect,
https://www.cs.mtu.,Failed to connect,
https://www.cs.odu.,Failed to connect,
https://www.cs.purdue.,Failed to connect,
https://www.cs.rice.,Failed to connect,
https://www.cs.rpi.,Failed to connect,
https://www.cs.tut.,Failed to connect,
https://www.cs.uic.,Failed to connect,
https://www.cs.unc.,Failed to connect,
https://www.cs.utoronto.,Failed to connect,
https://www.cs.williams.,Failed to connect,
https://www.csail.mit.,Failed to connect,
https://www.cse.cuhk.,Failed to connect,
https://www.ctl.ua.,Failed to connect,
https://www.cuhk.edu.,Failed to connect,
https://www.culturaydeporte.gob.,Failed to connect,
https://www.cumc.columbia.,Failed to connect,
https://www.cut,Failed to connect,
https://www.cws.illinois.,Failed to connect,
https://www.cyberlearning,Failed to connect,
https://www.cyh.com,Failed to connect,
https://www.d.umn.,Failed to connect,
https://www.dailymail.co.,Failed to connect,
https://www.dali,Failed to connect,
https://www.dalton.manchester.,Failed to connect,
https://www.darwins,Failed to connect,
https://www.dcn,Failed to connect,
https://www.dcn.davis.,Failed to connect,
https://www.ddr,Failed to connect,
https://www.deadiversion.usdoj.,Failed to connect,
https://www.dec.ny.,Failed to connect,
https://www.delange.org,Failed to connect,
https://www.deltasd.bc.,Failed to connect,
https://www.departments.bucknell.,Failed to connect,
https://www.des.umd.,Failed to connect,
https://www.designer,Failed to connect,
https://www.deutschland,Failed to connect,
https://www.dgp.toronto.,Failed to connect,
https://www.digitalhistory.uh.,Failed to connect,
https://www.diplomatie.gouv.,Failed to connect,
https://www.dis.ulpgc.,Failed to connect,
https://www.discoveringfossils.co.,Failed to connect,
https://www.divediscover.whoi.,Failed to connect,
https://www.dms.umontreal.,Failed to connect,
https://www.dna.gov,Failed to connect,
https://www.dnr.state.,Failed to connect,
https://www.docstoc.com,Failed to connect,
https://www.doule.net,Failed to connect,
https://www.down,Failed to connect,
https://www.dps.k12.,Failed to connect,
https://www.dr,Failed to connect,
https://www.drinking,Failed to connect,
https://www.dspace.cam.,Failed to connect,
https://www.dtc.dla.,Failed to connect,
https://www.dur.ac.,Failed to connect,
https://www.dw,Failed to connect,
https://www.dww.ed.,Failed to connect,
https://www.dyesub.org,Failed to connect,
https://www.e,Failed to connect,
https://www.eaae,Failed to connect,
https://www.eagleton.rutgers.,Failed to connect,
https://www.eatforhealth.gov.,Failed to connect,
https://www.ebi.ac.,Failed to connect,
https://www.echalk.co.,Failed to connect,
https://www.eco,Failed to connect,
https://www.econlink.com.,Failed to connect,
https://www.economicsonline.co.,Failed to connect,
https://www.ecourses.ou.,Failed to connect,
https://www.ed.bios.,Failed to connect,
https://www.edu411.org,Failed to connect,
https://www.education.gouv.,Failed to connect,
https://www.education.miami.,Failed to connect,
https://www.education.pa.,Failed to connect,
https://www.edudemic.com,Failed to connect,
https://www.edumedia,Failed to connect,
https://www.ee.ryerson.,Failed to connect,
https://www.eea.europa.,Failed to connect,
https://www.eecs.harvard.,Failed to connect,
https://www.eere.energy.,Failed to connect,
https://www.egr.msu.,Failed to connect,
https://www.egr.unlv.,Failed to connect,
https://www.ei.lehigh.,Failed to connect,
https://www.eia.doe.,Failed to connect,
https://www.einfach,Failed to connect,
https://www.einstein,Failed to connect,
https://www.eisenhower.archives.,Failed to connect,
https://www.ele.uri.,Failed to connect,
https://www.electoral,Failed to connect,
https://www.electronics,Failed to connect,
https://www.elizabethan,Failed to connect,
https://www.elnino.noaa.,Failed to connect,
https://www.elysee.fr,Failed to connect,
https://www.embavenez,Failed to connect,
https://www.emc.maricopa.,Failed to connect,
https://www.emile,Failed to connect,
https://www.emro.who.,Failed to connect,
https://www.ems.psu.,Failed to connect,
https://www.emsc,Failed to connect,
https://www.energie,Failed to connect,
https://www.eng.fju.,Failed to connect,
https://www.eng.fsu.,Failed to connect,
https://www.engineering.unsw.,Failed to connect,
https://www.englisch,Failed to connect,
https://www.english,Failed to connect,
https://www.english.emory.,Failed to connect,
https://www.english.illinois.,Failed to connect,
https://www.english.uiuc.,Failed to connect,
https://www.english.upenn.,Failed to connect,
https://www.englishbiz.co.,Failed to connect,
https://www.engr.sjsu.,Failed to connect,
https://www.engr.uky.,Failed to connect,
https://www.env,Failed to connect,
https://www.epi,Failed to connect,
https://www.ers.usda.,Failed to connect,
https://www.esafety.gov.,Failed to connect,
https://www.espace,Failed to connect,
https://www.esrl.noaa.,Failed to connect,
https://www.essense,Failed to connect,
https://www.essortment.com,503,"('Service Unavailable', 'The server cannot process the request due to a high load')"
https://www.esthetiqueetpoetique.uqam.,Failed to connect,
https://www.estrenosdecine.net,Failed to connect,
https://www.et.byu.,Failed to connect,
https://www.etudes,Failed to connect,
https://www.euro,Failed to connect,
https://www.europarl.europa.,Failed to connect,
https://www.european,Failed to connect,
https://www.eworkshop.on.,Failed to connect,
https://www.examples,Failed to connect,
https://www.excel,Failed to connect,
https://www.experiangroup.com,Failed to connect,
https://www.experienceproject.com,Failed to connect,
https://www.experiment,Failed to connect,
https://www.expertvillage.com,Failed to connect,
https://www.exploredna.co.,Failed to connect,
https://www.exploreforensics.co.,Failed to connect,
https://www.explorewriting.co.,Failed to connect,
https://www.exploring,Failed to connect,
https://www.ext.colostate.,Failed to connect,
https://www.eyes,Failed to connect,
https://www.facdev.niu.,Failed to connect,
https://www.facstaff.bucknell.,Failed to connect,
https://www.fact,Failed to connect,
https://www.factfinder.census.,Failed to connect,
https://www.facts,Failed to connect,
https://www.faculty.fll.,Failed to connect,
https://www.faculty.pnc.,Failed to connect,
https://www.fairpress.org,Failed to connect,
https://www.fairtrials.net.,Failed to connect,
https://www.famous,Failed to connect,
https://www.fane.cn,Failed to connect,
https://www.fas.harvard.,Failed to connect,
https://www.fashion,Failed to connect,
https://www.fcbayern.t,Failed to connect,
https://www.fdeservices.com,Failed to connect,
https://www.fdrlibrary.marist.,Failed to connect,
https://www.fengshuiweb.co.,Failed to connect,
https://www.festival,Failed to connect,
https://www.fg.k12.,Failed to connect,
https://www.fhwa.dot.,Failed to connect,
https://www.fiber,Failed to connect,
https://www.fierce,Failed to connect,
https://www.file,Failed to connect,
https://www.flmnh.ufl.,Failed to connect,
https://www.florida,Failed to connect,
https://www.floridamemory.com,403,"('Forbidden', 'Request forbidden -- authorization will not help')"
https://www.fns.usda.,Failed to connect,
https://www.focus,Failed to connect,
https://www.foodsci.uoguelph.,Failed to connect,
https://www.foreignaffairs.org,Failed to connect,
https://www.forensic,Failed to connect,
https://www.fpga,Failed to connect,
https://www.france,Failed to connect,
https://www.frankfurt,Failed to connect,
https://www.free,Failed to connect,
https://www.freerice.com,Failed to connect,
https://www.frida,Failed to connect,
https://www.friends,Failed to connect,
https://www.friseure,Failed to connect,
https://www.frontnational.com,404,"('Not Found', 'Nothing matches the given URI')"
https://www.frsd.k12.,Failed to connect,
https://www.fs.fed.,Failed to connect,
https://www.fsis.usda.,Failed to connect,
https://www.fun,Failed to connect,
https://www.furorteutonicus.eu,403,"('Forbidden', 'Request forbidden -- authorization will not help')"
https://www.futura,Failed to connect,
https://www.fw.vt.,Failed to connect,
https://www.galaxygoo.org,Failed to connect,
https://www.gale.cengage.,Failed to connect,
https://www.gateway,Failed to connect,
https://www.gdn.edu,Failed to connect,
https://www.genetichealth.com,Failed to connect,
https://www.geo.mtu.,Failed to connect,
https://www.geo.umn.,Failed to connect,
https://www.geocities.com,Failed to connect,
https://www.geography.learnontheinternet.,Failed to connect,
https://www.geology.sdsu.,Failed to connect,
https://www.geom.uiuc.,Failed to connect,
https://www.george,Failed to connect,
https://www.german,Failed to connect,
https://www.germany.info,Failed to connect,
https://www.gifted.uconn.,Failed to connect,
https://www.gio.gov.,Failed to connect,
https://www.gla.ac.,Failed to connect,
https://www.glenbrook.k12.,Failed to connect,
https://www.glerl.noaa.,Failed to connect,
https://www.globalchange.umich.,Failed to connect,
https://www.gly.uga.,Failed to connect,
https://www.gmo,Failed to connect,
https://www.goldennumber.net,403,"('Forbidden', 'Request forbidden -- authorization will not help')"
https://www.gotravel.com.,Failed to connect,
https://www.grammar,Failed to connect,
https://www.grc.nasa.,Failed to connect,
https://www.greek,Failed to connect,
https://www.greeklegacy.fieldcrest.,Failed to connect,
https://www.grow.arizona.,Failed to connect,
https://www.gs.cidsnet.,Failed to connect,
https://www.gtps.k12.,Failed to connect,
https://www.guamchamber.com.,Failed to connect,
https://www.guggenheimcollection.org,Failed to connect,
https://www.guidesandtutorials.com,Failed to connect,
https://www.gutenberg,Failed to connect,
https://www.gznet.edu.,Failed to connect,
https://www.h,Failed to connect,
https://www.hairlosshelp.com,Failed to connect,
https://www.hakwright.co.,Failed to connect,
https://www.halloffame.outreach.,Failed to connect,
https://www.hapmap.org,Failed to connect,
https://www.haskins.yale.,Failed to connect,
https://www.hc,Failed to connect,
https://www.health.harvard.,Failed to connect,
https://www.health.ny.,Failed to connect,
https://www.healthforteens.co.,Failed to connect,
https://www.healthy,Failed to connect,
https://www.hello,Failed to connect,
https://www.helpalgebra.com,Failed to connect,
https://www.herbal,Failed to connect,
https://www.highlandschools,Failed to connect,
https://www.hiroshima,Failed to connect,
https://www.hispanic,Failed to connect,
https://www.histology.leeds.,Failed to connect,
https://www.historicfazendasbrazil.peervoss.,Failed to connect,
https://www.history,Failed to connect,
https://www.history.ac.,Failed to connect,
https://www.history.army.,Failed to connect,
https://www.history.co.,Failed to connect,
https://www.history.navy.,Failed to connect,
https://www.history.org.,Failed to connect,
https://www.historyjournaling.com,Failed to connect,
https://www.historylearningsite.co.,Failed to connect,
https://www.historyofvaccines.org,Failed to connect,
https://www.historywalker.com,Failed to connect,
https://www.hobart.k12.,Failed to connect,
https://www.honolulu.hawaii.,Failed to connect,
https://www.hooked,Failed to connect,
https://www.how,Failed to connect,
https://www.hpl.hp.,Failed to connect,
https://www.hs,Failed to connect,
https://www.hsph.harvard.,Failed to connect,
https://www.humanities.mcmaster.,Failed to connect,
https://www.humnet.ucla.,Failed to connect,
https://www.hunterian.gla.,Failed to connect,
https://www.iarelative.com,Failed to connect,
https://www.ibiblio.org,403,"('Forbidden', 'Request forbidden -- authorization will not help')"
https://www.ic.arizona.,Failed to connect,
https://www.icdp,Failed to connect,
https://www.ida.liu.,Failed to connect,
https://www.ideafinder.com,Failed to connect,
https://www.iep.utm.,Failed to connect,
https://www.iff,Failed to connect,
https://www.igsb.uiowa.,Failed to connect,
https://www.ii.uib.,Failed to connect,
https://www.iidc.indiana.,Failed to connect,
https://www.iitg.ac.,Failed to connect,
https://www.ilr.cornell.,Failed to connect,
https://www.imagi,Failed to connect,
https://www.improve,Failed to connect,
https://www.in,Failed to connect,
https://www.independance,Failed to connect,
https://www.indhistory.com,Failed to connect,
https://www.informatics.jax.,Failed to connect,
https://www.insee.fr,Failed to connect,
https://www.inside,Failed to connect,
https://www.institut,Failed to connect,
https://www.interactive,Failed to connect,
https://www.interwise.com,Failed to connect,
https://www.ion.uillinois.,Failed to connect,
https://www.ipekyollari.net,Failed to connect,
https://www.ipm.iastate.,Failed to connect,
https://www.irb.pitt.,Failed to connect,
https://www.iris.sgdg.,Failed to connect,
https://www.italian,Failed to connect,
https://www.itg.ias.,Failed to connect,
https://www.itl.nist.,Failed to connect,
https://www.its.caltech.,Failed to connect,
https://www.ivy,Failed to connect,
https://www.j,Failed to connect,
https://www.jabblit.onthisside.,Failed to connect,
https://www.jacklondons.net,Failed to connect,
https://www.jai,Failed to connect,
https://www.james,Failed to connect,
https://www.jane,Failed to connect,
https://www.japan,Failed to connect,
https://www.jauntaroo.com,Failed to connect,
https://www.java,Failed to connect,
https://www.javafaq.nu,Failed to connect,
https://www.jenniferhedayat.com,Failed to connect,
https://www.jesse,Failed to connect,
https://www.jeunes,Failed to connect,
https://www.jfk,Failed to connect,
https://www.jgs,Failed to connect,
https://www.jimloy.com,Failed to connect,
https://www.jjb.uk.,Failed to connect,
https://www.job,Failed to connect,
https://www.jobweb.org,Failed to connect,
https://www.john,Failed to connect,
https://www.johndonne.southwark.,Failed to connect,
https://www.journals.uchicago.,Failed to connect,
https://www.jpac.pacom.,Failed to connect,
https://www.jrroseenterprises.com,Failed to connect,
https://www.justreadnow.com,Failed to connect,
https://www.k,Failed to connect,
https://www.kafka,Failed to connect,
https://www.katrina.noaa.,Failed to connect,
https://www.katrinadestruction.com,Failed to connect,
https://www.keats,Failed to connect,
https://www.key,Failed to connect,
https://www.kids,Failed to connect,
https://www.kidsbehaviour.co.,Failed to connect,
https://www.kidsparties.com,Failed to connect,
https://www.kn.pacbell.,Failed to connect,
https://www.korea,Failed to connect,
https://www.korea.net,307,"('Temporary Redirect', 'Object moved temporarily -- see URI list')"
https://www.korean,Failed to connect,
https://www.koshland,Failed to connect,
https://www.kporter,Failed to connect,
https://www.kpsec.freeuk.,Failed to connect,
https://www.kscience.co.,Failed to connect,
https://www.kwintessential.co.,Failed to connect,
https://www.kz,Failed to connect,
https://www.lab,Failed to connect,
https://www.laboris.net,Failed to connect,
https://www.laits.utexas.,Failed to connect,
https://www.lancs.ac.,Failed to connect,
https://www.languageandliteracyforall.org,Failed to connect,
https://www.languagecoursesuk.co.,Failed to connect,
https://www.languagetutoring.co.,Failed to connect,
https://www.lared,Failed to connect,
https://www.lascaux.culture.,Failed to connect,
https://www.law.cornell.,Failed to connect,
https://www.law.umkc.,Failed to connect,
https://www.ldeo.columbia.,Failed to connect,
https://www.learn,Failed to connect,
https://www.learnenglish,Failed to connect,
https://www.learnerstv.com,Failed to connect,
https://www.learning,Failed to connect,
https://www.learnopenoffice.org,Failed to connect,
https://www.leg.state.,Failed to connect,
https://www.lesmachines,Failed to connect,
https://www.lessonplanspage.com,Failed to connect,
https://www.let.leidenuniv.,Failed to connect,
https://www.let.rug.,Failed to connect,
https://www.leukemia,Failed to connect,
https://www.lexiophiles.com,Failed to connect,
https://www.lib.berkeley.,Failed to connect,
https://www.lib.jjay.,Failed to connect,
https://www.lib.umd.,Failed to connect,
https://www.lib.umn.,Failed to connect,
https://www.lib.utexas.,Failed to connect,
https://www.lib.washington.,Failed to connect,
https://www.library.cornell.,Failed to connect,
https://www.library.dal.,Failed to connect,
https://www.library.uiuc.,Failed to connect,
https://www.libs.uga.,Failed to connect,
https://www.life.uiuc.,Failed to connect,
https://www.lightplanet.com,Failed to connect,
https://www.literacy.uconn.,Failed to connect,
https://www.literary,Failed to connect,
https://www.literati,Failed to connect,
https://www.literature.org,Failed to connect,
https://www.lkwdpl.org,Failed to connect,
https://www.lni.wa.,Failed to connect,
https://www.loci.wisc.,Failed to connect,
https://www.lon,Failed to connect,
https://www.londononline.co.,Failed to connect,
https://www.lone,Failed to connect,
https://www.los,Failed to connect,
https://www.lost,Failed to connect,
https://www.louisiane.culture.,Failed to connect,
https://www.lpi.usra.,Failed to connect,
https://www.lsa.umich.,Failed to connect,
https://www.lsbu.ac.,Failed to connect,
https://www.lse.co.,Failed to connect,
https://www.lufthansa.com,405,"('Method Not Allowed', 'Specified method is invalid for this server.')"
https://www.lva.virginia.,Failed to connect,
https://www.m,Failed to connect,
https://www.madrid,Failed to connect,
https://www.mail,Failed to connect,
https://www.make,Failed to connect,
https://www.mala.bc.,Failed to connect,
https://www.maldivesinfo.gov.,Failed to connect,
https://www.mariachimexteca.com,Failed to connect,
https://www.markville.ss.,Failed to connect,
https://www.math,Failed to connect,
https://www.math.brown.,Failed to connect,
https://www.math.dartmouth.,Failed to connect,
https://www.math.duke.,Failed to connect,
https://www.math.fsu.,Failed to connect,
https://www.math.hmc.,Failed to connect,
https://www.math.pitt.,Failed to connect,
https://www.math.psu.,Failed to connect,
https://www.math.rutgers.,Failed to connect,
https://www.math.tamu.,Failed to connect,
https://www.math.toronto.,Failed to connect,
https://www.math.uah.,Failed to connect,
https://www.math.ubc.,Failed to connect,
https://www.math.ucdavis.,Failed to connect,
https://www.math.ucla.,Failed to connect,
https://www.math.uh.,Failed to connect,
https://www.math.umn.,Failed to connect,
https://www.math.uncc.,Failed to connect,
https://www.math.uri.,Failed to connect,
https://www.math.usu.,Failed to connect,
https://www.math.utah.,Failed to connect,
https://www.math.wfu.,Failed to connect,
https://www.math.wichita.,Failed to connect,
https://www.math.wpi.,Failed to connect,
https://www.math.wsu.,Failed to connect,
https://www.mathcentre.ac.,Failed to connect,
https://www.mathgames.com,302,"('Found', 'Object moved temporarily -- see URI list')"
https://www.mathlife.net,Failed to connect,
https://www.maths.mq.,Failed to connect,
https://www.maths.nuim.,Failed to connect,
https://www.maths.tcd.,Failed to connect,
https://www.mathwebb.com,Failed to connect,
https://www.matinee.co.,Failed to connect,
https://www.mattvarone.com,Failed to connect,
https://www.maxwells,Failed to connect,
https://www.maznets.com,Failed to connect,
https://www.mbam.qc.,Failed to connect,
https://www.mbbnet.umn.,Failed to connect,
https://www.mc.maricopa.,Failed to connect,
https://www.mcli.dist.,Failed to connect,
https://www.mcs.csuhayward.,Failed to connect,
https://www.med.emory.,Failed to connect,
https://www.med.unc.,Failed to connect,
https://www.medieval,Failed to connect,
https://www.meduna,Failed to connect,
https://www.members.MHN.,Failed to connect,
https://www.memory,Failed to connect,
https://www.mep.gov.,Failed to connect,
https://www.merriam,Failed to connect,
https://www.meta,Failed to connect,
https://www.metoffice.gov.,Failed to connect,
https://www.mezzoblue.com,Failed to connect,
https://www.microscopy,Failed to connect,
https://www.middle,Failed to connect,
https://www.mind.org.,Failed to connect,
https://www.mine,Failed to connect,
https://www.mining,Failed to connect,
https://www.miu4.k12.,Failed to connect,
https://www.mixmarketing,Failed to connect,
https://www.mn,Failed to connect,
https://www.mnh.si.,Failed to connect,
https://www.modelo,Failed to connect,
https://www.moe.edu.,Failed to connect,
https://www.monde,Failed to connect,
https://www.moneyfanclub.com,Failed to connect,
https://www.mongolia,Failed to connect,
https://www.motc.gov.,Failed to connect,
https://www.motive,Failed to connect,
https://www.mountainman.com.,Failed to connect,
https://www.mri.gouv.,Failed to connect,
https://www.mrif.gouv.,Failed to connect,
https://www.mrtadeja.com,Failed to connect,
https://www.msal.gov.,Failed to connect,
https://www.mshistorynow.mdah.,Failed to connect,
https://www.msnbc.msn.,Failed to connect,
https://www.msta,Failed to connect,
https://www.mste.uiuc.,Failed to connect,
https://www.musee,Failed to connect,
https://www.museum.upenn.,Failed to connect,
https://www.musical,Failed to connect,
https://www.musik,Failed to connect,
https://www.my,Failed to connect,
https://www.mypyramid.gov,Failed to connect,
https://www.myread.org,Failed to connect,
https://www.myteacherpages.com,Failed to connect,
https://www.mythichero.com,Failed to connect,
https://www.nas.nasa.,Failed to connect,
https://www.nasmhp.si.,Failed to connect,
https://www.nationalarchives.gov.,Failed to connect,
https://www.nationalatlas.gov,Failed to connect,
https://www.native,Failed to connect,
https://www.nature.nps.,Failed to connect,
https://www.naturesmodernmarvels.com,Failed to connect,
https://www.nbii.gov,Failed to connect,
https://www.ncadd.org,Failed to connect,
https://www.ncbi.nlm.,Failed to connect,
https://www.ncdc.noaa.,Failed to connect,
https://www.nceas.ucsb.,Failed to connect,
https://www.ncei.noaa.,Failed to connect,
https://www.ncrw.org,Failed to connect,
https://www.ncstormwater.org,Failed to connect,
https://www.nde,Failed to connect,
https://www.ndt,Failed to connect,
https://www.nederland.k12.,Failed to connect,
https://www.neruda.uchile.,Failed to connect,
https://www.neshaminy.k12.,Failed to connect,
https://www.netc.org,Failed to connect,
https://www.new,Failed to connect,
https://www.newcomers,Failed to connect,
https://www.news.wisc.,Failed to connect,
https://www.newton.dep.,Failed to connect,
https://www.newyork,Failed to connect,
https://www.nhlbi.nih.,Failed to connect,
https://www.nhn.ou.,Failed to connect,
https://www.nia.nih.,Failed to connect,
https://www.niaaa.nih.,Failed to connect,
https://www.niams.nih.,Failed to connect,
https://www.nibib.nih.,Failed to connect,
https://www.niddk.nih.,Failed to connect,
https://www.nimh.nih.,Failed to connect,
https://www.ninds.nih.,Failed to connect,
https://www.nisk.k12.,Failed to connect,
https://www.nlm.nih.,Failed to connect,
https://www.nmai.si.,Failed to connect,
https://www.noaawatch.gov,Failed to connect,
https://www.northern,Failed to connect,
https://www.northland.cc.,Failed to connect,
https://www.nottingham.ac.,Failed to connect,
https://www.novel,Failed to connect,
https://www.nrcs.usda.,Failed to connect,
https://www.nsca,Failed to connect,
https://www.nssl.noaa.,Failed to connect,
https://www.nutshellmath.com,Failed to connect,
https://www.nyc,Failed to connect,
https://www.nypl.org,302,"('Found', 'Object moved temporarily -- see URI list')"
https://www.nyu.edu,403,"('Forbidden', 'Request forbidden -- authorization will not help')"
https://www.oakcrest.net,Failed to connect,
https://www.oaxaca,Failed to connect,
https://www.ode.state.,Failed to connect,
https://www.odi.org.,Failed to connect,
https://www.ods.od.,Failed to connect,
https://www.oise.utoronto.,Failed to connect,
https://www.ojp.usdoj.,Failed to connect,
https://www.olympus,Failed to connect,
https://www.omafra.gov.,Failed to connect,
https://www.online,Failed to connect,
https://www.oooforum.org,Failed to connect,
https://www.open,Failed to connect,
https://www.open.ac.,Failed to connect,
https://www.openc.k12.,Failed to connect,
https://www.opentextbooks.org.,Failed to connect,
https://www.orangeusd.k12.,Failed to connect,
https://www.orbilat.com,Failed to connect,
https://www.origin,Failed to connect,
https://www.ors.od.,Failed to connect,
https://www.oucs.ox.,Failed to connect,
https://www.oum.ox.,Failed to connect,
https://www.ouramazingplanet.com,530,
https://www.ourorient.com,Failed to connect,
https://www.oxford,Failed to connect,
https://www.pa.msu.,Failed to connect,
https://www.pa.uky.,Failed to connect,
https://www.panorama,Failed to connect,
https://www.parti,Failed to connect,
https://www.pas.rochester.,Failed to connect,
https://www.pathology.washington.,Failed to connect,
https://www.pde.state.,Failed to connect,
https://www.people,Failed to connect,
https://www.peoples,Failed to connect,
https://www.percent,Failed to connect,
https://www.perseus.tufts.,Failed to connect,
https://www.perso,Failed to connect,
https://www.personal.psu.,Failed to connect,
https://www.personalbudgeting.com,Failed to connect,
https://www.personaltrainercommunity.com,Failed to connect,
https://www.peru,Failed to connect,
https://www.pferd,Failed to connect,
https://www.pflege,Failed to connect,
https://www.ph.ucla.,Failed to connect,
https://www.phenix.bnl.,Failed to connect,
https://www.phy.ilstu.,Failed to connect,
https://www.phy.ntnu.,Failed to connect,
https://www.phy.olemiss.,Failed to connect,
https://www.phys.ufl.,Failed to connect,
https://www.physicalactivityaustralia.org.,Failed to connect,
https://www.physicianspractice.com,403,"('Forbidden', 'Request forbidden -- authorization will not help')"
https://www.physics,Failed to connect,
https://www.physics.mun.,Failed to connect,
https://www.physics.ucla.,Failed to connect,
https://www.physics.udel.,Failed to connect,
https://www.physics.uoguelph.,Failed to connect,
https://www.physics.usyd.,Failed to connect,
https://www.physio,Failed to connect,
https://www.piano,Failed to connect,
https://www.piersystem.com,Failed to connect,
https://www.pigeon.psy.,Failed to connect,
https://www.pkwy.k12.,Failed to connect,
https://www.planet,Failed to connect,
https://www.planetacurioso.com,503,"('Service Unavailable', 'The server cannot process the request due to a high load')"
https://www.pleasanton.k12.,Failed to connect,
https://www.plymouth.k12.,Failed to connect,
https://www.pmel.noaa.,Failed to connect,
https://www.poem,Failed to connect,
https://www.poesie,Failed to connect,
https://www.poetropical.co.,Failed to connect,
https://www.poetry,Failed to connect,
https://www.poetryconnection.net,500,"('Internal Server Error', 'Server got itself in trouble')"
https://www.polaris.iastate.,Failed to connect,
https://www.pomfret.ctschool.,Failed to connect,
https://www.pon.harvard.,Failed to connect,
https://www.popsugar.com,403,"('Forbidden', 'Request forbidden -- authorization will not help')"
https://www.portal,Failed to connect,
https://www.portal.provostacademy.,Failed to connect,
https://www.portal.state.,Failed to connect,
https://www.positive,Failed to connect,
https://www.post,Failed to connect,
https://www.ppu.org.,Failed to connect,
https://www.prague,Failed to connect,
https://www.prasannatech.net,Failed to connect,
https://www.prehistoric,Failed to connect,
https://www.presidency.ucsb.,Failed to connect,
https://www.presidents.edu,Failed to connect,
https://www.press.uchicago.,Failed to connect,
https://www.primitivism.com,Failed to connect,
https://www.prm.nau.,Failed to connect,
https://www.proactiveinvestors.co.,Failed to connect,
https://www.project,Failed to connect,
https://www.projectmerc.gov,Failed to connect,
https://www.protocol,Failed to connect,
https://www.psp.state.,Failed to connect,
https://www.psprint.com,502,"('Bad Gateway', 'Invalid responses from another server/proxy.')"
https://www.psrd.hawaii.,Failed to connect,
https://www.psuonline.pdx.,Failed to connect,
https://www.psychologie.tu,Failed to connect,
https://www.psychstat.missouristate.,Failed to connect,
https://www.public.asu.,Failed to connect,
https://www.public.coe.,Failed to connect,
https://www.public.iastate.,Failed to connect,
https://www.pubmedcentral.nih.,Failed to connect,
https://www.purplemaths.com,Failed to connect,
https://www.qcc.mass.,Failed to connect,
https://www.qcda.gov.,Failed to connect,
https://www.qrg.northwestern.,Failed to connect,
https://www.quinceanera,Failed to connect,
https://www.quiz,Failed to connect,
https://www.quizrevolution.com,Failed to connect,
https://www.radcliffe.harvard.,Failed to connect,
https://www.radio,Failed to connect,
https://www.ramp,Failed to connect,
https://www.rbg.ul.,Failed to connect,
https://www.rbtoastmasters.com,Failed to connect,
https://www.rc.umd.,Failed to connect,
https://www.rcmp,Failed to connect,
https://www.readbookonline.net,Failed to connect,
https://www.real,Failed to connect,
https://www.recycling,Failed to connect,
https://www.reims,Failed to connect,
https://www.reprise.com,Failed to connect,
https://www.research.ibm.,Failed to connect,
https://www.research.uci.,Failed to connect,
https://www.researchgzate.net,Failed to connect,
https://www.resume,Failed to connect,
https://www.retired713trustee.com,Failed to connect,
https://www.revenue.wi.,Failed to connect,
https://www.revolvy.com,Failed to connect,
https://www.rhythm,Failed to connect,
https://www.ride.ri.,Failed to connect,
https://www.rideauvert.qc.,Failed to connect,
https://www.right,Failed to connect,
https://www.ringuette,Failed to connect,
https://www.riskglossary.com,Failed to connect,
https://www.riubambu.com,Failed to connect,
https://www.rkm.com.,Failed to connect,
https://www.rockhounds.com,Failed to connect,
https://www.rosariosalsa.com.,Failed to connect,
https://www.rosaryhs.com,302,"('Found', 'Object moved temporarily -- see URI list')"
https://www.rose,Failed to connect,
https://www.rowland.harvard.,Failed to connect,
https://www.royal.gov.,Failed to connect,
https://www.royalquiz.com,Failed to connect,
https://www.roymech.co.,Failed to connect,
https://www.rp,Failed to connect,
https://www.rsc.org,Failed to connect,
https://www.ruf.rice.,Failed to connect,
https://www.ruins.machu,Failed to connect,
https://www.rwc.uc.,Failed to connect,
https://www.s,Failed to connect,
https://www.sacred,Failed to connect,
https://www.safe,Failed to connect,
https://www.saint,Failed to connect,
https://www.salsa,Failed to connect,
https://www.sambal.co.,Failed to connect,
https://www.sante,Failed to connect,
https://www.sas.calpoly.,Failed to connect,
https://www.sasked.gov.,Failed to connect,
https://www.sc.ehu.,Failed to connect,
https://www.sc.provostacademy.,Failed to connect,
https://www.sccs.swarthmore.,Failed to connect,
https://www.schoolatoz.nsw.,Failed to connect,
https://www.schoolshistory.org.,Failed to connect,
https://www.schwarzwald,Failed to connect,
https://www.sci.sdsu.,Failed to connect,
https://www.sci.wsu.,Failed to connect,
https://www.scidev.net,503,"('Service Unavailable', 'The server cannot process the request due to a high load')"
https://www.science,Failed to connect,
https://www.science.smith.,Failed to connect,
https://www.science.uwaterloo.,Failed to connect,
https://www.scienceonline.co.,Failed to connect,
https://www.scq.ubc.,Failed to connect,
https://www.screencast,Failed to connect,
https://www.scribblemaps.com,500,"('Internal Server Error', 'Server got itself in trouble')"
https://www.scubatravel.co.,Failed to connect,
https://www.sde.ct.,Failed to connect,
https://www.sde.idaho.,Failed to connect,
https://www.seaboston.pointshop.,Failed to connect,
https://www.seagrant.wisc.,Failed to connect,
https://www.seasite.niu.,Failed to connect,
https://www.seconde,Failed to connect,
https://www.securite,Failed to connect,
https://www.senegalaisement.com,Failed to connect,
https://www.service,Failed to connect,
https://www.seville,Failed to connect,
https://www.shakespeare,Failed to connect,
https://www.shakespeares,Failed to connect,
https://www.shen,Failed to connect,
https://www.sherlock,Failed to connect,
https://www.sherlockholmes,Failed to connect,
https://www.shoppbs.pbs.,Failed to connect,
https://www.sigmainfotech.com.,Failed to connect,
https://www.sikeston.k12.,Failed to connect,
https://www.silk,Failed to connect,
https://www.simonhalliday.co.,Failed to connect,
https://www.simplyscripts.com,Failed to connect,
https://www.sir,Failed to connect,
https://www.skconsultinghawaii.com,Failed to connect,
https://www.skeptically.org,Failed to connect,
https://www.skitsap.wednet.,Failed to connect,
https://www.smallstep.gov,Failed to connect,
https://www.smart,Failed to connect,
https://www.smeef.org,302,"('Found', 'Object moved temporarily -- see URI list')"
https://www.socialsciencemedley.com,Failed to connect,
https://www.sociologyinfocus.com,Failed to connect,
https://www.sociologyprofessor.com,Failed to connect,
https://www.soest.hawaii.,Failed to connect,
https://www.solaranlage,Failed to connect,
https://www.solarworld,Failed to connect,
https://www.solving,Failed to connect,
https://www.solvingstonehenge.co.,Failed to connect,
https://www.sos.state.,Failed to connect,
https://www.southernhistory.org,Failed to connect,
https://www.spacefacts.tower.,Failed to connect,
https://www.spain,Failed to connect,
https://www.spaintravelguide.com,Failed to connect,
https://www.spanicity.com,Failed to connect,
https://www.spanish,Failed to connect,
https://www.spanish.bz,Failed to connect,
https://www.spartacus.schoolnet.,Failed to connect,
https://www.spc.noaa.,Failed to connect,
https://www.speeches,Failed to connect,
https://www.sphistory.com,Failed to connect,
https://www.spine,Failed to connect,
https://www.spiritus,Failed to connect,
https://www.sport,Failed to connect,
https://www.sports,Failed to connect,
https://www.srh.noaa.,Failed to connect,
https://www.srjh.emery.,Failed to connect,
https://www.srl.caltech.,Failed to connect,
https://www.sscnet.ucla.,Failed to connect,
https://www.staff.uni,Failed to connect,
https://www.staff.vu.,Failed to connect,
https://www.startrungrow.com,Failed to connect,
https://www.stat.berkeley.,Failed to connect,
https://www.stat.ucla.,Failed to connect,
https://www.stat.ufl.,Failed to connect,
https://www.stat.wmich.,Failed to connect,
https://www.stat.yale.,Failed to connect,
https://www.statcan.gc.,Failed to connect,
https://www.statisticshowto.datasciencecentral.,Failed to connect,
https://www.stats.gla.,Failed to connect,
https://www.stcms.si.,Failed to connect,
https://www.stephen,Failed to connect,
https://www.stephenwiltshire.co.,Failed to connect,
https://www.stern.nyu.,Failed to connect,
https://www.stream,Failed to connect,
https://www.stress,Failed to connect,
https://www.stretch,Failed to connect,
https://www.stsc.hill.,Failed to connect,
https://www.student.cs.,Failed to connect,
https://www.studying,Failed to connect,
https://www.studyit.org.,Failed to connect,
https://www.suezcanal.gov.,Failed to connect,
https://www.suffolk.police.,Failed to connect,
https://www.suite101.com,Failed to connect,
https://www.sun,Failed to connect,
https://www.supertracker.usda.,Failed to connect,
https://www.survival,Failed to connect,
https://www.sussexvt.k12.,Failed to connect,
https://www.swl.k12.,Failed to connect,
https://www.swpc.noaa.,Failed to connect,
https://www.synapse,Failed to connect,
https://www.t,Failed to connect,
https://www.tahiti,Failed to connect,
https://www.takingcharge.csh.,Failed to connect,
https://www.taming,Failed to connect,
https://www.tank.rast.,Failed to connect,
https://www.tapas,Failed to connect,
https://www.tatsachen,Failed to connect,
https://www.tc.columbia.,Failed to connect,
https://www.teachercenter.org,Failed to connect,
https://www.teachervision.fen.,Failed to connect,
https://www.teachingcollegeenglish.com,Failed to connect,
https://www.teachingk,Failed to connect,
https://www.tech,Failed to connect,
https://www.text2mindmap.com,Failed to connect,
https://www.textes.justice.,Failed to connect,
https://www.thalia,Failed to connect,
https://www.the,Failed to connect,
https://www.the12volt.com,Failed to connect,
https://www.thebeijingguide.com,Failed to connect,
https://www.theodore,Failed to connect,
https://www.theworkcontinues.org,Failed to connect,
https://www.thomas.k12.,Failed to connect,
https://www.tierradelfuego.org.,Failed to connect,
https://www.time,Failed to connect,
https://www.titanic,Failed to connect,
https://www.tlfq.ulaval.,Failed to connect,
https://www.tltguide.ccsd.,Failed to connect,
https://www.toastmasters,Failed to connect,
https://www.todo,Failed to connect,
https://www.toledo,Failed to connect,
https://www.tonykline.co.,Failed to connect,
https://www.toonuniversity.com,Failed to connect,
https://www.tour,Failed to connect,
https://www.tourisme,Failed to connect,
https://www.tracy.k12.,Failed to connect,
https://www.trainingzone.co.,Failed to connect,
https://www.transplant.med.,Failed to connect,
https://www.treasury.govt.,Failed to connect,
https://www.tsl.state.,Failed to connect,
https://www.turgalicia.es,Failed to connect,
https://www.turismo.navarra.,Failed to connect,
https://www.tushar,Failed to connect,
https://www.tutor,Failed to connect,
https://www.tutorialhero.com,Failed to connect,
https://www.tutorialized.com,Failed to connect,
https://www.twinkiesproject.com,Failed to connect,
https://www.u,Failed to connect,
https://www.u.arizona.,Failed to connect,
https://www.uah.es,Failed to connect,
https://www.uc.att.,Failed to connect,
https://www.ucl.ac.,Failed to connect,
https://www.ucmp.berkeley.,Failed to connect,
https://www.ugrad.math.,Failed to connect,
https://www.uis.unesco.,Failed to connect,
https://www.umm.maine.,Failed to connect,
https://www.uncwil.edu,Failed to connect,
https://www.unep,Failed to connect,
https://www.uni,Failed to connect,
https://www.univie.ac.,Failed to connect,
https://www.upscale.utoronto.,Failed to connect,
https://www.urmc.rochester.,Failed to connect,
https://www.us,Failed to connect,
https://www.usa,Failed to connect,
https://www.users.totalise.,Failed to connect,
https://www.usoe.k12.,Failed to connect,
https://www.ux1.eiu.,Failed to connect,
https://www.uzickagimnazija.edu.,Failed to connect,
https://www.vahistorical.org,Failed to connect,
https://www.vam.ac.,Failed to connect,
https://www.vcaa.vic.,Failed to connect,
https://www.veeriku.tartu.,Failed to connect,
https://www.ver,Failed to connect,
https://www.ville.quebec.,Failed to connect,
https://www.vinci,Failed to connect,
https://www.visit,Failed to connect,
https://www.visiting,Failed to connect,
https://www.visualphotos.com,Failed to connect,
https://www.vivo.colostate.,Failed to connect,
https://www.voltaire.ox.,Failed to connect,
https://www.vos.noaa.,Failed to connect,
https://www.voyages,Failed to connect,
https://www.vpul.upenn.,Failed to connect,
https://www.waikato.ac.,Failed to connect,
https://www.walter,Failed to connect,
https://www.warpoetry.co.,Failed to connect,
https://www.waunakee.k12.,Failed to connect,
https://www.way2hope.org,Failed to connect,
https://www.wccusd.k12.,Failed to connect,
https://www.wcer.wisc.,Failed to connect,
https://www.web,Failed to connect,
https://www.webcredible.co.,Failed to connect,
https://www.webguru.neu.,Failed to connect,
https://www.webpages.uidaho.,Failed to connect,
https://www.webreference.com,Failed to connect,
https://www.wehi.edu.,Failed to connect,
https://www.weirdrichard.com,Failed to connect,
https://www.welt,Failed to connect,
https://www.weru.ksu.,Failed to connect,
https://www.westminster,Failed to connect,
https://www.wetfeet.com,Failed to connect,
https://www.wg,Failed to connect,
https://www.whtm.com,Failed to connect,
https://www.wideacademy.co,Failed to connect,
https://www.wiley,Failed to connect,
https://www.william,Failed to connect,
https://www.windows.ucar.,Failed to connect,
https://www.wired.co.,Failed to connect,
https://www.wisc,Failed to connect,
https://www.wissenschaft,Failed to connect,
https://www.woodfuelresource.org.,Failed to connect,
https://www.workplacebasicskills.com,Failed to connect,
https://www.worldwatch.org,Failed to connect,
https://www.worldweddingtraditions.com,Failed to connect,
https://www.worthington,Failed to connect,
https://www.wpc.ncep.,Failed to connect,
https://www.wrh.noaa.,Failed to connect,
https://www.write,Failed to connect,
https://www.writers,Failed to connect,
https://www.writing,Failed to connect,
https://www.writing.ucsb.,Failed to connect,
https://www.writing.upenn.,Failed to connect,
https://www.writing.wisc.,Failed to connect,
https://www.writingcentre.uottawa.,Failed to connect,
https://www.writinghelp,Failed to connect,
https://www.writingyourselfhome.net,Failed to connect,
https://www.wsdot.wa.,Failed to connect,
https://www.wssb.wa.,Failed to connect,
https://www.wto.int,Failed to connect,
https://www.wtokj.com,Failed to connect,
https://www.xici.net,403,"('Forbidden', 'Request forbidden -- authorization will not help')"
https://www.yadvashem,Failed to connect,
https://www.yoanaj.co.,Failed to connect,
https://www.york.k12.,Failed to connect,
https://www.youtube,Failed to connect,
https://www.zapworld.com,Failed to connect,
https://www.zeroland.co.,Failed to connect,
https://www.zhijizhibi.com,Failed to connect,
https://www.zo.utexas.,Failed to connect,
https://www.zoology.ubc.,Failed to connect,
https://www.zulu,Failed to connect,
https://www1.agric.gov.,Failed to connect,
https://www1.chinaculture.org,Failed to connect,
https://www1.eere.energy.,Failed to connect,
https://www1.lsbu.ac.,Failed to connect,
https://www19.homepage.villanova.,Failed to connect,
https://www2.actden.com,Failed to connect,
https://www2.anglistik.uni,Failed to connect,
https://www2.astro.psu.,Failed to connect,
https://www2.chemistry.msu.,Failed to connect,
https://www2.coloradocollege.edu,Failed to connect,
https://www2.dsu.nodak.,Failed to connect,
https://www2.econ.iastate.,Failed to connect,
https://www2.edc.org,403,"('Forbidden', 'Request forbidden -- authorization will not help')"
https://www2.elc.polyu.,Failed to connect,
https://www2.gsu.edu,Failed to connect,
https://www2.ivcc.edu,Failed to connect,
https://www2.kutl.kyushu,Failed to connect,
https://www2.needham.k12.,Failed to connect,
https://www2.nkfust.edu.,Failed to connect,
https://www2.sunysuffolk.edu,Failed to connect,
https://www2.vcdh.virginia.,Failed to connect,
https://www2.vernier.com,Failed to connect,
https://www2.waterforduhs.k12.,Failed to connect,
https://www2.westminster.net,Failed to connect,
https://www3.northern.edu,Failed to connect,
https://www3.nsta.org,Failed to connect,
https://www3.ntu.edu.,Failed to connect,
https://www4.ncsu.edu,Failed to connect,
https://www4a.wolframalpha.com,Failed to connect,
https://xercise,Failed to connect,
https://xroads.virginia.edu,Failed to connect,
https://yc.ywnews.cn,Failed to connect,
https://youthventures.org,Failed to connect,
https://zulu,Failed to connect,
